url,subject,category
https://tutorful.co.uk/search/dissertation,Dissertation,English
https://tutorful.co.uk/search/writing,Writing,English
https://tutorful.co.uk/search/flute,Flute,Music
https://tutorful.co.uk/search/early-years-and-reception,Early Years and Reception,Primary and Early Years
https://tutorful.co.uk/search/eleven-plus-11,Eleven Plus 11+,Primary and Early Years
https://tutorful.co.uk/search/sats,SATs,Primary and Early Years
https://tutorful.co.uk/search/modern-studies,Modern Studies,Humanities & Arts
https://tutorful.co.uk/search/pgce,PGCE,Business and Professional Studies
https://tutorful.co.uk/search/aspnet,ASP.net,Computing
https://tutorful.co.uk/search/acrobat,Acrobat,Computing
https://tutorful.co.uk/search/android-development,Android Development,Computing
https://tutorful.co.uk/search/apple,Apple,Computing
https://tutorful.co.uk/search/autocad,Autocad,Computing
https://tutorful.co.uk/search/autodesk,Autodesk,Computing
https://tutorful.co.uk/search/basic-it-skills,Basic IT Skills,Computing
https://tutorful.co.uk/search/computer-graphics,Computer Graphics,Computing
https://tutorful.co.uk/search/computer-literacy,Computer Literacy,Computing
https://tutorful.co.uk/search/computer-programming,Computer Programming,Computing
https://tutorful.co.uk/search/databases,Databases,Computing
https://tutorful.co.uk/search/html,HTML,Computing
https://tutorful.co.uk/search/information-security,Information Security,Computing
https://tutorful.co.uk/search/information-technology,Information Technology,Computing
https://tutorful.co.uk/search/java,Java,Computing
https://tutorful.co.uk/search/matlab,Matlab,Computing
https://tutorful.co.uk/search/microsoft-access,Microsoft Access,Computing
https://tutorful.co.uk/search/microsoft-excel,Microsoft Excel,Computing
https://tutorful.co.uk/search/microsoft-office,Microsoft Office,Computing
https://tutorful.co.uk/search/microsoft-outlook,Microsoft Outlook,Computing
https://tutorful.co.uk/search/microsoft-powerpoint,Microsoft Powerpoint,Computing
https://tutorful.co.uk/search/microsoft-word,Microsoft Word,Computing
https://tutorful.co.uk/search/php,PHP,Computing
https://tutorful.co.uk/search/python,Python,Computing
https://tutorful.co.uk/search/ruby,Ruby,Computing
https://tutorful.co.uk/search/sql,SQL,Computing
https://tutorful.co.uk/search/search-engine-optimisation,Search Engine Optimisation,Computing
https://tutorful.co.uk/search/web-design,Web Design,Computing
https://tutorful.co.uk/search/aspergers,Aspergers,Special Educational Needs
https://tutorful.co.uk/search/autism,Autism,Special Educational Needs
https://tutorful.co.uk/search/dyscalculia,Dyscalculia,Special Educational Needs
https://tutorful.co.uk/search/dyslexia,Dyslexia,Special Educational Needs
https://tutorful.co.uk/search/dyspraxia,Dyspraxia,Special Educational Needs
https://tutorful.co.uk/search/special-educational-needs,Special Educational Needs,Special Educational Needs
https://tutorful.co.uk/search/11-plus-english,11 plus English,
https://tutorful.co.uk/search/11,11+,
https://tutorful.co.uk/search/11plus,11plus,
https://tutorful.co.uk/search/a-level-maths,A Level Maths,
https://tutorful.co.uk/search/acoustic-guitar,Acoustic Guitar,
https://tutorful.co.uk/search/additional-maths,additional maths,
https://tutorful.co.uk/search/admissions,Admissions,
https://tutorful.co.uk/search/admissions-primary,Admissions Primary,
https://tutorful.co.uk/search/advanced-chemistry,advanced chemistry,
https://tutorful.co.uk/search/archery,Archery,
https://tutorful.co.uk/search/as-maths,AS Maths,
https://tutorful.co.uk/search/asa-level,AS\/A Level,
https://tutorful.co.uk/search/athletics,Athletics,
https://tutorful.co.uk/search/badminton,Badminton,
https://tutorful.co.uk/search/ballet,Ballet,
https://tutorful.co.uk/search/ballroom-dance,Ballroom Dance,
https://tutorful.co.uk/search/basketball,Basketball,
https://tutorful.co.uk/search/belly-dancing,Belly Dancing,
https://tutorful.co.uk/search/benenden-school-admissions,Benenden School admissions,
https://tutorful.co.uk/search/biology-higher,Biology Higher,
https://tutorful.co.uk/search/boxing,Boxing,
https://tutorful.co.uk/search/break-dancing,Break Dancing,
https://tutorful.co.uk/search/btec-applied-science,btec applied science,
https://tutorful.co.uk/search/business-and-professional-studies,Business and Professional Studies,
https://tutorful.co.uk/search/canoeing,Canoeing,
https://tutorful.co.uk/search/capoeira,Capoeira,
https://tutorful.co.uk/search/charterhouse-school-admissions,Charterhouse School admissions,
https://tutorful.co.uk/search/chess,Chess,
https://tutorful.co.uk/search/city-of-london-school-admissions,City of London School admissions,
https://tutorful.co.uk/search/climbing,Climbing,
https://tutorful.co.uk/search/common-entrance-admissions,Common Entrance Admissions,
https://tutorful.co.uk/search/computer-science,Computer Science,
https://tutorful.co.uk/search/computers,Computers,
https://tutorful.co.uk/search/cooking,Cooking,
https://tutorful.co.uk/search/creative-writing,Creative Writing,
https://tutorful.co.uk/search/cricket,Cricket,
https://tutorful.co.uk/search/cycling,Cycling,
https://tutorful.co.uk/search/dance,Dance,
https://tutorful.co.uk/search/dreamweaver,Dreamweaver,
https://tutorful.co.uk/search/dulwich-college-school-admissions,Dulwich College school admissions,
https://tutorful.co.uk/search/eight-plus-8,Eight Plus 8+,
https://tutorful.co.uk/search/electric-guitar,Electric Guitar,
https://tutorful.co.uk/search/eltham-college-school-admissions,Eltham College school admissions,
https://tutorful.co.uk/search/emmanuel-college-wimbledon-school-admissions,Emmanuel College Wimbledon school admissions,
https://tutorful.co.uk/search/english-common-entrance,English Common Entrance,
https://tutorful.co.uk/search/english-functional-skills,English Functional Skills,
https://tutorful.co.uk/search/english-ks1,English KS1,
https://tutorful.co.uk/search/english-ks2,English KS2,
https://tutorful.co.uk/search/entrance-exam,entrance exam,
https://tutorful.co.uk/search/entrance-exams,entrance exams,
https://tutorful.co.uk/search/essay,Essay,
https://tutorful.co.uk/search/eton-admission,Eton admission,
https://tutorful.co.uk/search/eton-college-admissions,Eton College admissions,
https://tutorful.co.uk/search/exercise-and-fitness,Exercise and Fitness,
https://tutorful.co.uk/search/fencing,Fencing,
https://tutorful.co.uk/search/fireworks,Fireworks,
https://tutorful.co.uk/search/fitness,Fitness,
https://tutorful.co.uk/search/flash,Flash,
https://tutorful.co.uk/search/football,Football,
https://tutorful.co.uk/search/francis-holland-school-admission,Francis Holland School admission,
https://tutorful.co.uk/search/gcse-maths,GCSE Maths,
https://tutorful.co.uk/search/geography-common-entrance,Geography Common Entrance,
https://tutorful.co.uk/search/godolphin-latymer-school-admissions,Godolphin & Latymer School admissions,
https://tutorful.co.uk/search/golf,Golf,
https://tutorful.co.uk/search/grammar-school,Grammar School,
https://tutorful.co.uk/search/gymnastics,Gymnastics,
https://tutorful.co.uk/search/haberdashers-askes-school-admissions,Haberdasher's Aske's School admissions,
https://tutorful.co.uk/search/harrow-admission,Harrow admission,
https://tutorful.co.uk/search/harrow-school-admissions,Harrow School admissions,
https://tutorful.co.uk/search/henrietta-barnett-school-admissions,Henrietta Barnett School admissions,
https://tutorful.co.uk/search/higher-biology,Higher Biology,
https://tutorful.co.uk/search/higher-chemistry,higher chemistry,
https://tutorful.co.uk/search/higher-english,Higher English,
https://tutorful.co.uk/search/higher-maths,Higher Maths,
https://tutorful.co.uk/search/highgate-school-admissions,Highgate School admissions,
https://tutorful.co.uk/search/history-common-entrance,History Common Entrance,
https://tutorful.co.uk/search/hobbies-sports,Hobbies & Sports,
https://tutorful.co.uk/search/hockey,Hockey,
https://tutorful.co.uk/search/horseback-riding,Horseback Riding,
https://tutorful.co.uk/search/humanities-arts,Humanities & Arts,
https://tutorful.co.uk/search/ice-skating,Ice Skating,
https://tutorful.co.uk/search/illustrator,Illustrator,
https://tutorful.co.uk/search/indesign,Indesign,
https://tutorful.co.uk/search/james-allens-girls-school-admissions-jags,James Allen's Girls' School admissions JAGS,
https://tutorful.co.uk/search/javascript,javascript,
https://tutorful.co.uk/search/judo,Judo,
https://tutorful.co.uk/search/jujutsu,Jujutsu,
https://tutorful.co.uk/search/karate,Karate,
https://tutorful.co.uk/search/kickboxing,Kickboxing,
https://tutorful.co.uk/search/kings-college-wimbledon-school-admissions,King's College Wimbledon school admissions,
https://tutorful.co.uk/search/ks1-english,KS1 English,
https://tutorful.co.uk/search/ks1-maths,KS1 Maths,
https://tutorful.co.uk/search/ks2-english,KS2 English,
https://tutorful.co.uk/search/ks2-maths,KS2 Maths,
https://tutorful.co.uk/search/kung-fu,Kung Fu,
https://tutorful.co.uk/search/lacrosse,Lacrosse,
https://tutorful.co.uk/search/lady-eleanor-holles-school-admissions,Lady Eleanor Holles School admissions,
https://tutorful.co.uk/search/latymer-school-admissions,Latymer School admissions,
https://tutorful.co.uk/search/level-1,Level 1,
https://tutorful.co.uk/search/level-2,Level 2,
https://tutorful.co.uk/search/lightroom,Lightroom,
https://tutorful.co.uk/search/literacy-skills,Literacy Skills,
https://tutorful.co.uk/search/lycee-francais-charles-de-gaulle-school-admissions,Lycee Francais Charles de Gaulle school admissions,
https://tutorful.co.uk/search/m1,M1,
https://tutorful.co.uk/search/m2,M2,
https://tutorful.co.uk/search/marlborough-college-school-admissions,Marlborough College school admissions,
https://tutorful.co.uk/search/martial-arts,Martial Arts,
https://tutorful.co.uk/search/maths-functional-skills,Maths Functional Skills,
https://tutorful.co.uk/search/maths-ks1,Maths KS1,
https://tutorful.co.uk/search/maths-ks2,Maths KS2,
https://tutorful.co.uk/search/nat-5-maths,Nat 5 Maths,
https://tutorful.co.uk/search/non-verbal-reasoning,Non-verbal reasoning,
https://tutorful.co.uk/search/numeracy,Numeracy,
https://tutorful.co.uk/search/numeracymaths-skills,Numeracy\/Maths Skills,
https://tutorful.co.uk/search/oundle-school-admissions,Oundle School admissions,
https://tutorful.co.uk/search/oxbridge-admissions,Oxbridge Admissions,
https://tutorful.co.uk/search/personal-training,Personal Training,
https://tutorful.co.uk/search/photoshop,Photoshop,
https://tutorful.co.uk/search/physical-education,Physical Education,
https://tutorful.co.uk/search/pilates,Pilates,
https://tutorful.co.uk/search/premiere,Premiere,
https://tutorful.co.uk/search/primary-and-early-years,Primary and Early Years,
https://tutorful.co.uk/search/putney-high-school-admissions,Putney High School admissions,
https://tutorful.co.uk/search/queens-gate-school-admissions,Queen's Gate school admissions,
https://tutorful.co.uk/search/radley-college-school-admissions,Radley College school admissions,
https://tutorful.co.uk/search/reading-and-writing,reading and writing,
https://tutorful.co.uk/search/reading-writing,Reading writing,
https://tutorful.co.uk/search/religious-studies-common-entrance,Religious Studies Common Entrance,
https://tutorful.co.uk/search/rugby,Rugby,
https://tutorful.co.uk/search/running,Running,
https://tutorful.co.uk/search/sailing,Sailing,
https://tutorful.co.uk/search/salsa-dance,Salsa Dance,
https://tutorful.co.uk/search/school-advice,School Advice,
https://tutorful.co.uk/search/science-common-entrance,Science Common Entrance,
https://tutorful.co.uk/search/sciences,Sciences,
https://tutorful.co.uk/search/secondary-maths,Secondary Maths,
https://tutorful.co.uk/search/self-defence,Self Defence,
https://tutorful.co.uk/search/seven-plus-7,Seven Plus 7+,
https://tutorful.co.uk/search/sevenoaks-school-admissions,Sevenoaks School admissions,
https://tutorful.co.uk/search/skiing,Skiing,
https://tutorful.co.uk/search/snooker,Snooker,
https://tutorful.co.uk/search/sports,Sports,
https://tutorful.co.uk/search/spss,SPSS,
https://tutorful.co.uk/search/squash,Squash,
https://tutorful.co.uk/search/st-pauls-admission,St Paul's admission,
https://tutorful.co.uk/search/st-marys-ascot-school-admissions,St. Mary's Ascot school admissions,
https://tutorful.co.uk/search/st-pauls-girls-school-admissions,St. Paul's Girls' School admissions,
https://tutorful.co.uk/search/st-pauls-school-admissions,St. Paul's School admissions,
https://tutorful.co.uk/search/street-dance,Street Dance,
https://tutorful.co.uk/search/swimming,Swimming,
https://tutorful.co.uk/search/table-tennis,Table Tennis,
https://tutorful.co.uk/search/tango,Tango,
https://tutorful.co.uk/search/tap-dance,Tap Dance,
https://tutorful.co.uk/search/tennis,Tennis,
https://tutorful.co.uk/search/the-latymer-school-admissions,The Latymer School admissions,
https://tutorful.co.uk/search/tonbridge-school-admissions,Tonbridge School admissions,
https://tutorful.co.uk/search/triathlon,Triathlon,
https://tutorful.co.uk/search/triple-science,triple science,
https://tutorful.co.uk/search/ucat-and-bmat,UCAT and BMAT,
https://tutorful.co.uk/search/university-advice,University Advice,
https://tutorful.co.uk/search/university-maths,university Maths,
https://tutorful.co.uk/search/verbal-reasoning,Verbal reasoning,
https://tutorful.co.uk/search/volleyball,Volleyball,
https://tutorful.co.uk/search/weight-lifting,Weight Lifting,
https://tutorful.co.uk/search/wellington-college-school-admissions,Wellington College school admissions,
https://tutorful.co.uk/search/westminster-admission,Westminster admission,
https://tutorful.co.uk/search/westminster-school-admissions,Westminster School admissions,
https://tutorful.co.uk/search/winchester-admission,Winchester admission,
https://tutorful.co.uk/search/winchester-college-school-admissions,Winchester College school admissions,
https://tutorful.co.uk/search/writers,Writers,
https://tutorful.co.uk/search/wycombe-abbey-admissions,Wycombe Abbey admissions,
https://tutorful.co.uk/search/wycombe-abbey-school-admissions,Wycombe Abbey school admissions,
https://tutorful.co.uk/search/yoga,Yoga,
